{
  "version": 1,
  "author": "Cosmin Varlan",
  "editor": "wokwi",
  "parts": [
    { "type": "wokwi-arduino-uno", "id": "uno", "top": 58.2, "left": -87, "attrs": {} },
    { "type": "wokwi-logic-analyzer", "id": "logic1", "top": -47.65, "left": 86.4, "attrs": {} }
  ],
  "connections": [
    [ "logic1:GND", "uno:GND.1", "black", [ "h0" ] ],
    [ "logic1:D0", "uno:13", "green", [ "h0" ] ],
    [ "logic1:D1", "uno:11", "green", [ "h-19.2" ] ],
    [ "logic1:D2", "uno:10", "green", [ "h0" ] ],
    [ "logic1:D3", "uno:9", "green", [ "h0" ] ]
  ],
  "dependencies": {}
}